entry,yazar,tarih,entry_id
"dibine du$er, bide pi$ipte du$enleri wardir turk milletini temsil eder ..",lord,1999-06-20,10204
argoda antenle benzer anlam ta$ir. (bkz: anten),rotting horse on the deadly ground,1999-07-08,17392
"dalinda guzel, ac karna yiyince karin agritiyo 
armut seklinde balonlar vardir",lord,1999-08-16,26971
"1-bir meyve ce$idimiz
2-murat adli arkada$larma hitap edi$ tarzim :)",elmyra,1999-08-16,27181
"birçok soru cümlesine cevap olarak söylenebilecek bir sözcük.

örnek:

- aaa o elindeki ne?
- armut.",guru,2000-04-24,145395
"minik olanlari nefis tatli, bal gibi olur, cerez niyetine yenir ucer beser..tam mevsimi bu aralar..",cressida,2000-06-28,218278
"sarısı makbuldur, inşallah.",guru,2000-10-15,247784
sahibinin cronos usta oldugu anet in en eski odalarindan birisi. zamaninda bu oda yuzunden cok sava$lar cikmi$ti (bkz. eski gunler).,castro,2001-08-10,589665
"manavların herkese üstü kapalı ,ima yoluyla, ayı diye hitap etmesine sebebiyet veren sarı renkli meyvegil. 

manavcı:
-gel abi geeeellllllllll... armutun iyisi burada...",beckham,2001-10-03,707761
(bkz: armudun iyisini ayilar yer),zeneboge,2001-10-12,730792
"pek cok sexi tanimlamanin,cagri$imin kaynagi olan meyve 
armut gotlu 
armut memeli (isvecli)
armut pipili (sunnet hatali)
armut kafali (asexuel)
(bkz: seftali)",gotterdamerung,2001-11-18,795955
"100 gramında 64 kalori içeren a,b1, ve b2 vitaminleri bulunan, kansızlığa*, bobrek hastalıklarına, sindirime felam iyi geldiği söylenen meyve",vic,2001-12-28,872031
(bkz: bir silah olarak armut),bitter,2002-02-03,974404
"ankara, deveci, hamsisunger olmak uzere 3 farkli cinsi olan ve fazla tuketimi bobrek tasi olusumuna sebep veren meyve.",ursard,2002-08-01,1484034
(bkz: armut piş ağzıma düş),sebze,2002-08-01,1484062
"meyvenin kendisi kullanılarak bir çok benzetme yapılmış,bu meyve şekli sayesinde pek cok acık ve kapalı istiarenin oluşmasına neden olmuştur.
(bkz: armut kafa)
(bkz: armut gibi omuz) (bkz: armut bacak) vs.vs.",zvezda,2002-10-12,1673385
serdar izbek'in meshur lafi,lecagot,2002-12-11,1985045
"elmanin rakibi...

(bkz: elma dersem cik armut dersem cikma)",magnolia,2002-12-18,2034411
(bkz: ahlat),magnolia,2002-12-18,2034416
(bkz: armutlu),magnolia,2002-12-18,2034419
bana city of angels'ı hatırlatan meyve.,lodos,2003-01-01,2115164
(bkz: ankara armudu),goddard,2003-08-25,3265241
"buzdolabından iyisini alıp anneme verdiğim de azar işittiğim tek meyve :))  ayrıca kalp -  damar sağlığı, alçak kan basıncı ve fiziksel  performansa 
iyi gelen vitaminleri barındırır.",chaplin,2004-01-30,3845010
"iyisi dışında insanların bol tükettikleri bir meyve. küçük şekli çok ekşidir ama çok çekicidir. bir ara a.b.d. de en seksi meyve de seçilmişti. biz eşşek seven gençlere takıyoruz kafayı, elalem armuda bile saldırıyor baksanıza.",jimi the kewl,2004-05-21,4298917
latincesi pyrus vulgaris olan meyve.,peperuhi,2004-06-02,4549273
gülgillerden bir ağaç,1,2004-06-03,4555316
armut yenilesi guzel olan bir meyvedir,bilir kisi,2004-07-26,5148064
"rüyada yenildiği görüldüğünde, bir hastalığa yakalanabileceğiniz, ağaçta görüldüğünde ise, başarının habercisi olabilen meyve.",akay,2004-09-16,5742679
(bkz: mature maker),mature maker,2004-10-15,6049530
lat. pirus communis,kaamos,2005-03-01,7001624
"""tereyağı armut"" diye satar bunu manavlar, seyyarlar, pazarcılar. dilimlerken bıçağın tereyağındaki rahatlıkta kaydığını, hiç zorluk çıkartmadığını düşünürüz. bu da, armutun olgun, yumuşak ve lezzetli olduğunu çağrıştırır haliyle. karpuz için de ""kurabiye"" benzetmesi vardır buna benzer. yani kurabiye gibi sert, kütür kütür fakat ağza atınca hemen yumuşayıp dağılan bir yapısal benzetmedir. neyse, konumuz armut. peki, reklama kanarak aldığımız armutun kütük gibi sert çıkması halinde ne yapmak gerekir? sizi bilemem ama ben ne yaptığımı gayet iyi hatırlıyorum.

efenim, pazardan aldığım birbirinden güzel, kocaman iki adet armutu önce bir güzel dilimledim. aslında hakkını yemeyeyim, armutlar gayet de olgun ve lezzetliydiler lakin ""tereyağı armut"" tamlaması beynimde o kadar yer etmiş ki illa da tereyağı yumuşaklığına ulaşmak istiyorum. dilimlediğim armutları genişçe bir tabağa koyup sehpaya bıraktım. yanına da tuzsuz halis tereyağı... evet, genişçe kestiğim dilimlerin üzerine tereyağını bir güzel sürüp afiyetle yedim. beklediğim lezzeti bulamadığımı ilk ısırıkta farketmiş olsam da o lezzete hiç bir zaman ulaşamayacağımı kabullenmem, birinci armutun bitmesine kadar mümkün olmadı. ikinci armutu yağsız yedim, güzeldi.  

ana fikir: masaldaki aşkı yaşayamayacağını kabullenip mahalledeki münasip bi kızla izdivaç etmek de sanırım bu ruh haline çok benzemektedir. masal aşkı olamayacağını kabullenebiliyorsan, bulduğun aşkı da masallardakine benzetmeye kalkma, tadını bozarsın...

(sonlara doğru kendimi kaybetmişim, ciddiye almayın)",atkuyruklukertenkele,2005-08-13,8013077
"hababam sınıfında inek şabanın balık yerine çizmek istediği meyve.

- güdükçüğüm; ben balık çizmesem, armut çizsem olur mu?",hanneman,2005-09-25,8256637
hasta midelerin dostu,oric,2005-10-23,8415316
"çürüğü, eziği sağlamından ve sertinden daha leziz olan bir cins meyve.",jlborges,2005-12-22,8764724
"bir yerlerde okumuştum, gürcülerin kutsal saydığı meyvedir. gerçekten de kafkasya dolaylarında bunların yüzlerce çeşidi bulunur, hatta artvin'in gürcü ağırlıklı yerlerinde ""armut"" derseniz kimse ne kastettiğinizi anlamaz, zira o bir sürü armut çeşidinden her birinin ayrı bir adı vardır -pek tabii gürcüce- ve oralarda yaşayanların bunları nasıl tek tek bildiğine şaşar kalırsınız. ayrıca belirli armut türlerini kocaman taş fırınlarda pişirip kuruturlar ve kışın yerler, furunç diyorlar sanırsam, leziz olur.",geven,2005-12-22,8765111
(bkz: armut tatlisi),chileksuyu,2006-10-17,10163366
kel mahmut'un #2 arkadasi.,son of a gunn,2007-01-18,10486971
"allahın kanadağında herhangi bir süpermarkete girdiğinizde en aşağı sekiz çeşidini göreceğiniz meyvedir. ha, ülkemin alakasız bir arka bahçesinin bol killi kiremitli toprağında yetişen armut ağacının oracıkta koparılmış armudunun iştahlı bir ısırığına değişilir mi? asla.",shab,2007-01-18,10486988
harflerinden murat isminin yazılabilmesi nedeni ile murat isimli arkadaşlara armut diyebilme hakkını veren sulu meyve,one angryman,2007-01-18,10487692
(bkz: santa maria),requiem,2007-08-02,11092059
"karides ile beraber makarnaya sos olabilen meyve imis. her ne kadar kotu gelse de kulaga , mukemmel bir uyum icerisindeler",kornish,2007-09-09,11189721
"insana sigarayı bıraktırabilecek hatta bıraktırabilen bir meyve...
1 paket sigara parasına 1.5 kilo armut alıp yiyorum hergün. hem öksürmüyorum artık...",neurotic disaster,2007-11-04,11356538
"yedinci nesil kardeş. hayatı çekilir kılan fevkalbeşer.` : swh` nesli tükenmekte olan erkek modeli. 
evinin kapısını bilumum aç ve çulsuza ardına kadar açan yüce insan.
çok severim kendisini, babasını da severdim.",senorita,2007-11-07,11491898
"elin toplamadığı meyve.
(bkz: elin armut mu topluyor)",ruhi,2007-11-07,11492160
"armut piş ağzıma düş
armutun iyisini ayılar yer
.....
gibi atasözlerine konu olan, tatlı bir meyve türüdür.",actinopoda,2007-11-07,11493120
"sportif, tatlı kişilik. tool sever. seneler sonra aynı müzikten bahsedeceğimi hiç tahmin etmediğim yazar, ilkokul arkadaşım. hoşgelmiş.",rague,2007-11-26,11805920
"herkesin çok sevdiği bir insandır, fakat babasını bütün arkadaşları daha fazla sever sanırım hatta sevmekle kalmazlar idol olarak benimserler, zira bir fenomendir bu arkadaşın babası.",mcdermott,2007-12-12,11964827
"penguen adlı mizah dergisinden uykusuz'a transfer olan tembel cizer memo mahlaslı cizerin, cizgi dizi ve karikatürlerinde sıkca kullandıgı meyve. cizdigi kö$enin adı da söz konusu meyvenin cogul eki almı$ halidir.   (bkz: armutlar)",yule,2007-12-23,12077357
"içinde şıkır şıkır türlü türlü maddeler ihtiva eden(kum, çakıl, talaş, köpük, artık her ne ise) rengarek, tabanı yere yakın yeni nesil oturaklar. minder gibi değişik bir şey. ne bileyim tanımlayamadım. armut işte. oturması ayrı, uzanıp içeceği alması ayrı, kalkması apayrı spor oluyor.",beni bana sor,2008-01-29,12424859
"elma karşısında her zaman ezik kalmış bir meyvedir. sürekli birlikte anılmalarına rağmen, elmanın daha popüler olması nedeniyle de kendisine karşı içimde hep bir sempati beslemiş, daha çok tüketmeye dikkat etmişimdir.",piccadilly,2008-02-29,12722238
(bkz: pyrus communis),jazzgrr,2008-04-10,13040292
"müstesna bir meyvedir elmanın yanında hep üvey evlat muamelesi görse de daha iyilerine layıktır. nefis bir örneği için:

http://farm1.static.flickr.com/…7009_a197833e66.jpg",haggard,2008-08-04,13761111
"bu aralar fana halde dilime doladigim kelime. biri kizdirdiginda, ya da bir baskasiyla dalga gecmek istendiginde, baska biri sacmaladiginda veya, rahatlikla kullanilir. her duruma cuk diye oturur, e telaffuzu da kolay, daha ne olsun.

simdi hep beraber cumle icinde kullanalim:
+armut musun sen ya!
+armut armut hareket etme!
+ahahahaha armuta bak!

boyle gider bu.",sphinxlike,2008-08-20,13860699
"alm. fakirlik

make poverty history tarzi bi kampanyanin alman versiyonunda billboardun birinde denk gelmi$tim,
gegen die armut ... falan filan bi$iler yaziyordu.

ulan ne derdiniz var mis gibi meyveyle diye icimden gecirmedim degil.
sonra sozluge baktik ogrendik anlamini bizim sozlukte eksik olmasin istedim.",ctrleng,2008-09-03,13935274
"öncelikle (bkz: #13935274)

lan ben de diyorum neden züğürt geziyorum yıllardır, nikimiz falsoymuş meğersem.  kara bahtım kem talihim bunu uygun görmüş bize. ama kabahat bende asıl, seçmedik ki kendimize şöyle dragonslayer olsun darkangel olsun ne biliim bi lord of the universe * olsun karizmatik, manalı bişi. armut ne lan? oh olsun bana, bu kafayla ayıya yem de olurum, fakirlikten ağzıma da sıçılır. * 

sonraki nesillere not: ben ettim siz etmeyin, adam gibi seçin niklerinizi.",armut,2008-09-10,13994248
asker yolcusu pek bir sevdiğim fırıldak cimnastikçi*..,rague,2008-12-14,14593300
"özellikle karadeniz civarında balı yapılan meyvelerden biri.

(bkz: armut balı)",kediye kafa atan mucahit fare2,2009-01-20,15124400
"altımış yaşındaki halamın, garaj girişine parketmiş araç sahibine çok sinirlenmesi üzerine, çantasından gözlüğünü, kalemini ve koca bir kağıt çıkarak büyük harflerle yazıp, ön cama yapıştırdığı küfürdür efendim armut.

(bkz: kufur etkisi yaratan ama kufur olmayan kelimeler)",sahrud,2009-03-02,15609433
"küçükken annemle bir anket yapmıştım. eski telefon defterinin sayfalarında duruyor hala. anket yapana kötü gözle bakılmadığı yıllardı. hatta birkaç yıl sonra anket defteri olmayanı dövmeye bile başladılar. 

-en sevdiğiniz meyve?
-üzüm.
-peki, en sevmediğiniz meyve? (küçükken de çok yaratıcıymışım.) 
-armut... hiç yemesem aramam.

o günden beri armuda karşı mesafeliyim. hiç yemesem aramam yani. zaten küfür olarak kullanılıyor daha çok. 

-en sevdiğiniz dizi?
-mavi ay.

fakat (bkz: absolut pears)",aggromela,2009-07-31,16585972
bence ismi hakaret olarak kullanilamayacak derece guzel tada sahip olan meyve. en azindan kayisi dururken armut hakaret objesi olmamali. hatta abartiyorum ama eger tadina yapiliyorsa bu benzetmeler cilegin iltifat nesnesi oldugu bu dunyada armutta bu iltifat yelpazesinde yer almalidir kanaatimce. sekle bakarak yorum yapiliyorsa seklide guzel be sozluk.,silvio,2009-08-24,16737563
"bu yediğini belirtmenin sakıncalı olduğu besingillerdendir yazık ki.. yani  dememek gerek çot diye, alıştıra alıştıra söylenebilir ama bence.. yani çot diye söylenirse yanlış anlaşılabilir, zamanlamanız yanlıştır, eşref ve eşşekten eşşek olan saate denk gelir.. ya da  tribal falan olur karşındaki, neme lazım.. ve ne gerek var.. 

hayat tecrübesi 1500: sevgili vs at siki..

s: kelebek ne yapıyorsun?
a: armut yiyorum canım. ham hum hum. naber?
s: !
a: ne oldu yahu?
s: nereden çıktı şimdi bu?
a: ney?
s: yani ben ayıyım, ben hiç incelik nedir bilmem, ben düşüncesizim, insanın hiç kafası meşgul olamaz mı, unutamaz mı.. abart istersen benle olduğun için pişman oduğunu söyle..
a: hoy?
s: tamam! aldım ben mesajı canım.. çok güzel ifade ettin.. konuşabilecek kadar sakinleştiğinde ya da ""medeni"" olduğumu tekrar düşündüğünde sen aramak istersin belki. çot! (telefonu yapatır)

çılgın sedattan gelsin: nelere katlandı bu yürek..",at sikine konan kelebek,2009-10-08,16999412
kumlu meyve.,menon,2009-10-20,17060749
ingilizcesi pear olan meyvedir.,mustee,2009-11-10,17227395
rosaceae (gülgiller) familyasındandır.,cikariyokmusgillerden,2009-11-18,17299528
hacminin %97'e kadar olan kısmının yenilebilir olmasıyla ön plana çıkar. kalan %3'ünü çekirdekleri ve çevresindeki tabaka oluşturur. evde yediğim zamanlar çöpe atmaya üşendiğimden genellikle o kısmını da çiğnemeden yutarım. sapını ise masanın üzerine koyarım. müsait bi ara atılır problem olmaz. çürümez.,retroloverdude,2009-11-26,17361018
sigaraya çok güzel eşlik ettiğini düşündüğüm meyve. eğer ki armut sulu ve sert ise yanında da marlboro kırmızı var ise tadından yenmez.,kayip cocuk,2009-12-15,17523904
"şaka gibi. biraz önce aldığım bir mail. okumaya ve aramaya üşenenler için özet: bu kış armut yemeyin.

subject: fw: onemli : armut

bize armutla ilgili aşağıdaki mail geldi ve araştırdım. ege ve uludağ ihracatçılar birliği duyuru ile olayı doğruluyor. gerisi size kalmış,sevgiler...

merhaba 
simdi sabah sabah sacma gelmesin.. ama dun bursa da ihracatcilar birliginde bir toplantiya gittim.. 
ortalikta bir ""armut"" geyigi donuyordu.. sorduk nedir diye.. sonra iş ciddileşti.. ve bize dediler ki 

sakin armut yemeyin ! 
deveci armutu basta.. eger kendi bahcenizde yetistirmediyseniz asla armut almayin ve bu kış ..unutun 
çünkü, şu anda piyasadaki mahsulun  tumunde bir tarim ilaci kullanilmis, yikanarak gecmeyen , içeri nufuz eden bir ilaçmis. yuksek oranda kanserojenmis. 

bu sebepten bu yil ihrac edilen armutun  tumu geri donmuş ve donuyormuş.. ve ihracatcilar birligi de bu problem ile ugrasiyormus.. tabii sinirleri oyle bozuk ki isi artik espriye vermisler.. 
ama resmen gozumuzun icine bakip "" cok ciddi "" eve gidin ve atin hepsini çöpe dediler... 

ben dun aksam gelir gelmez attim ve lal e de soyledim okulda vb. yemesin diye. 
sizinle de paylasmak istedim, direkt 1. agizdan aldigim bir bilgi olarak 

ege yaş meyve sebze ihracatçilari birliği duyurulari
konu armut ihracatı
tarih 22 ekim 2009 perşembe

________________________________________

sayın üyemiz,

dtm ihracat genel müdürlüğü'nden aldığımız 20.10.2009 tarih, 7218 sayılı yazıda, almanya'da yayımlanan die welt gazetesinde yer alan ""türk armutlarında tehlikeli zehir belirlendi."" başlıklı habere ilişkin berlin ticaret müşavirliği'nden aldıkları yazıda, söz konusu haberde özetle;

-baden württemberg eyaletinde yapılan kontrollerde ülkemiz armutlarında, almanya'da uzun yıllardan beri, avrupa birliği'nde ise 2008 yılı başından itibaren yasak olan ""amitraz"" isimli tarım ilacının tespit edildiği, 

-anılan ilaçta sınır değer 0,01 miligram iken, 8 örnekte tespit edilen değerin kiloda 15,7 miligram seviyesinde olduğu,

-bu değerlerdeki uygunsuzluğun önlemsiz bırakılmasının mümkün olmadığı ve federal almanya ve ab çapında önlem alınması için girişimde bulunulduğu,

-bulguların ab'nin hızlı alarm sistemi olan rassf'da da yayımlanacağı ve ilgililer hakkında hukuka aykırı işlem nedeniyle cezai ve idari soruşturma başlatılacağı

hususlarına yer verildiği belirtilerek, konunun üyelerimize duyurulması istenmektedir.

bilgileriniz rica olunur.

özlem katircioğlu 
genel sekreter yardımcısı",sipsak,2010-02-11,18158562
"bir koltuk çeşidi olarak da anılır günümüzde.

(bkz: armut koltuk)",discotheque geisha,2010-02-13,18182538
"an itibarıyla uzun zamandir yemedigim meyveydi.bugun arkadas alip armut yer misin? diye getirmese yine yemeyecektim muhtemelen.bi de simdiye kadar canim hic istememis.hani gidipte elma alayim,karpuz alayim,mandalina alayim diyorumda hic gidip te armut alayim demedim.demek ki bu da boyle bir meyveymis benim icin.",assassin 10,2010-03-06,18399137
"(bkz: city of angels)
meg ryan tarif etmişti bu meyveyi nicolas cage abimize.",absconditus,2010-03-31,18630723
"ılıman iklim kuşağında yetişen, genellikle yeşil ve sarı renklerde bulunan meyve,ayrıca argoda saf kişilik.",samet190,2010-07-05,19606640
(bkz: güz armudu),de nada,2010-11-20,20927724
"bir isyandır armut, hayata karşı dik duruşun bir rengi...

boşaltılmış kavramlarda boşaltılmış insanlık, insanların ağzında.
ya daha az değer yükleyerek boşaltmışlar, ya da daha fazla.
bir yansımadır armut insanlıktan nasibini almamış insanlara,
duyarlar bir insanın ağzından, fark edebilmiş olmanın hüznünün arkasındaki sinir ile,
bakar aynaya, armuda...

bir armuttur insan olabilmiş, kendine insan diyebilen armutların arasında.",taffy2g,2010-12-13,21145725
"bir tür dikensiz karpuz. yüksek yüksek, uzun gövdesi dalsız ağaçların tepesinde yetişir. dalları çürük olduğundan kendisine çürü-curu-culay geçişleriyle temmuz meyvesi de denir. 'temmuz'un da etimolojik kökeni itibariyle domuz sözcüğünden türemiş olması tamamen tesadüf değil, armudun iyisini ayılar yer sözünü boşa çıkarır niteliktedir. çünkü en iyisini domuzlar bilirler.",the first of the rest,2010-12-23,21249937
(bkz: #armut),ekşisözlük,2010-12-25,21291319
"ismi, gerizekalı insanlara hitap için kullanılan bir meyvedir.",macaroon,2011-02-07,22011419
"atasözlerimizi bir yana bırakıp yararlarına bakalım.
armut böbreklerin düzenli çalışmasını sağlar. idrarı bollaştırır. böbrek kum ve taşlarının dökülmesine yardım eder.
yüksek tansiyonu düşürür. kanı temizler, bütün salgı bezlerinin normal çalışmasını sağlar. kansızlığı giderir, kabızlığı önler. 
sinirleri yatıştırır. zihni yorgunluğu giderir. susuzluğu keser. tükürük ifrazatını artırır. hamilelerin kusmalarını azaltır. hazımsızlığı giderir. 
mafsal kireçlenmesi, nikris ve romatizmada faydalıdır. şeker hastaları da yiyebilir. midesi zayıf olanların kompostosunu içmeleri tavsiye edilir. 
yemeklerden önce yenecek olursa daha faydalı olur.",damaskrose,2011-03-07,22441828
"almancada, yoksulluk anlamına gelen sözcük",punctum,2011-03-07,22441898
"bu akşamki deneysel yemeğimin baş aktörü. tarifi veriyorum:

bir armutu küçük küpler halinde doğrayın.
yoğurtla karıştırarak bir tabağa alın.
üzerine %70-%85 lik çikolata rendeleyin.
mikrodalgada çikolata hafif eriyene kadar ısıtın.

afiyet bal şeker.",xae,2011-09-09,25294109
kalp-damar sağlığı açısından yararlıdır. aynı zamanda fiziksel performansa iyi gelen vitaminlere sahiptir. yüksek tansiyonu olanlara ve böbreklerinde sorun yaşayanlara tavsiye edilebilir ve  kansızlık ile kabızlığa iyi gelir.,erisaa,2011-10-01,25573160
"olunur.
gariptir. 
hayatın ağzının kenarında uzayan salyadaki yansınızı görürsünüz ve kendinizi ikram edersiniz, mesela bir psikoloğa. 
merhaba, armudum ben.
bakın nasıl da suluyum bir dilimleyin hele. 
şuralarıma vurabilirsiniz bıçağı, oralarım müsaittir bir güzel dilimlenmeye. 
neye tekabül eder armut olmak?
olgunlaşmaya mı?
gerçi o bir enstitü idi. 
gerizekâlılığa mı?
olunur; böyle salak, bön, şaşkın ve güvensiz. 
korku içinde, saçmalayarak. 
bazı memleketlerde armudu küçükken bir şişenin içine saklayıp dalında orada büyütüyorlarmış ve mesela yüksek alkollü bir içkinin keskin yakışıklılığı biraz onunla oluyormuş. 
velhasıl armut da bir şişenin içini içinde saklayıp yakışıklılığını bir ucuz sarhoşlukla değişen adama denirmiş.
nerede, kim bilir?",adbulmaknezoris,2011-11-11,26111844
sloganı tam isabetli olmuş sosyal medya.,dolaysiztumlec,2011-11-16,26179459
"az önce evden eve nakliyat için teklif istediğim site.. 48 saat içinde sonuçlandırılacak diyor, bakalım neler çıkacak..

edit: 800 tl'lik teklif buldular bana, ben hamal pazarından 200 tl'ye hallettim.. sloganlarını ""paran varsa ne rahat"" olarak değiştirebilirler..",caninho,2011-11-16,26179720
"""hizmet piş, ağzıma düş"" sloganıyla 15 kasım 2011'de hizmete giren yeni bir internet girişimi.

hizmet verenlerle hizmet almak isteyenleri, kolay şekilde buluşturmayı amaçlıyorlar. 
hizmet alanlar için kullanmak ücretsiz imiş, ödev yaptıracak birilerini de bulabilirler mi acaba*",hum 101,2011-11-18,26198421
"en çok haksızlığa uğrayan meyvelerden biri. şöyle kocaman, kütür kütür, sulu bir deveci armuduna kim hayır diyebilir?",dungangadunganga,2011-12-20,26633599
"koltuk olanı pek rahat, meyve olanı pek leziz, insan olanı ise pek bi sevilesidir.*",islakkedicorbasi,2012-01-18,27043124
"yanlış şekilde spam mail gönderen firma. anlıyorum piyasaya girmeye çalışıyosunuz ama benim mail adresime merhaba sinan bey diye mail atarsanız olmaz işte. neyse. site arayüzü hoş ama.

edit: mail gönderim fonksiyonlarında bazı problemlerden dolayı ortaya çıkmış bu problem. düzeltilmiş.",fullgigabyte,2012-03-15,27770092
"bir yok öyle kararlı şeyler şarkısı.

http://soundcloud.com/…ok-oyle-kararli-seyler-armut",eucarya,2012-07-22,29466479
frozen'ı muhteşem olan meyve. kavun ile yarışır bu konuda.,bajingo,2012-08-02,29625638
istisnasız bütün türlerinde çekirdek olan orta kısmıyla sapının arasında kalan etli bölgesi meyvenin geri kalanından daha şekerli ve daha az ekşidir. **,ev pandasi,2012-08-02,29625721
susamayı engelleyen meyve.,durumum yok alamiyorum,2012-08-20,29866977
"1 adeti 70 kalori olup elma benim iştahımı açıyor insanlarına diyetlerde önerilen meyvedir. ayrıca, nasıl bir ayı olduğum armudu bu kadar sevmemden de bellidir.",zipirinsan,2012-09-12,30172118
"nakliye ve boyacı arayışım kapsamında, teklif almayı denediğim site. kullanımı kolay ve anlaşılır. isteklerimi girdikten 10 dk sonra 4-5 teklif geldi, şaşakaldım. bu ya çok hızlı iletişim organizasyonu kurup hizmet verecek kişilere ulaştıklarını gösterir ya da benim isteğimin ayrıntılarını göz önüne almadan aynı fiyatları yapıştırdıklarını gösterir. çok fazla mail ve sms atıyorlar doğru ama işin acilse haberdar olmak da istiyorsun bir yandan. müşteri yorumlarına göre karar verip, bir boyacıyla telefon ile iletişime geçtim ve anlaştım, site üzerinden de teklifi kabul ettiğimi belirttim. site üzerinden mesajlaşmaya zorlamadan telefon ile iletişime geçmeye izin verilmesi kendilerine güvendiklerini gösterir. çünkü hizmet verenlerin de site üzerinde olumlu müşteri yorumlarına ihtiyaçları var.

garip gelen tek şey, isteğimi güncellediğimde hizmet verenlerden yeniden teklif almadan, varolan teklifleri kabul edebilmem. ayrıca nakliyecilere bir türlü fazla eşyam olmadığını anlatamadım yüksek fiyat çektiler.",ne diyeyim,2012-10-20,30647850
(bkz: amrut),gerry,2012-12-05,31197044
"kendilerine gelen komik talepleri, facebook profillerinde paylaşarak, insanların ne gibi enteresan isteklerinin olduğunu gösteren site. tabi bazen yanlış anlaşılmalara da sebeb olabiliyor.

suursuzkedi'nin, arkadaşının "" armut'ta sohbetleri ve talepleri kullanıcıların izni ile paylaşıyoruz."" uyarısını bana iletmesiyle, düzenlemeden önceki entry'me konu olan yanlış anlaşılmayı ortadan kaldırmış bulunuyoruz.",benden selam soyleyin,2012-12-07,31217403
"yıllar içerisinde morfolojisi değişmiş ve uzaylı olmuş bir meyve. eskiden armut dediğin küçük sulu ve tatlı olurdu, bir tanesi üç ısırıkta filan biterdi. 3 gündür sürekli iş yerine yeme amaçlı getirip aynen geri götürdüğüm yaklaşık hentbol topu büyüklüğünde bir armut var, kendisine her bakışta ""bu nasıl yenir ki?"" diyip vaz geçiyorum.",manech,2013-01-02,31561334
"isimden kaybeden sitedir. slogandan yola çıkarak isim bulunmuş havası var gibi, ama kurtarmamış.

fikir güzel, ancak türkiye şartlarında fayans ustasının, marangozun, alçıpancının falan vereceği hizmetleri ""armut.com'a gireyim de bi bakayım"" diyerek bulmak/almak isteyecek insan sayısını sorgulattı bana.

yolları açık olsun, umarım planladıkları noktaya ulaşabilirler.",the god fadil,2013-01-22,31841685
bir renk olarak armut dendiginde bunun agacinin rengini anlamamiz gerekiyormus. hani kafanizda beyaz/sari bir sey canlanir da sonra kahverengi/kirmizi oldugunu gorunce dumur olursunuz diye ben simdiden uyarmis olayim.,layouter,2013-03-19,32756240
"dişlerinin arasında etince, yumuşaklığınca kadın bir armudun teni;
ağzına dolan suyu ve kokusu, çocukluğundaki neşeli şarkılardan mırıldanır gibi uzanıyor aklına boğazından geçerken.

damağındaki tatlı su, kana kana içilmiş suları gibi pınarların. 
hani rengi hafif maviye çalan, kuş seslerinin berraklığı gölgelerle üstüne eğilmiş ve kulağına sakinliğin ölümsüz, zamansız sırlarını fısıldamış gibi dingin pınarları vardır ya anadolunun; işte öyle bir köydeki öyle bir pınardan içmişsin gibi sanki.

pantolonun dizinden ve poposundan yırtılmış. 
ee; kolay değil koskoca adamın duvarın üstündeki telleri aşıp bilmediği bir evin bahçesine girmesi.
bilmediği derken; bir hırsızlıktan bahseder gibi anlaşılmamalı hikaye. çünkü göz hakkı vardır anadoluda; küçük yerlerin birbirini kardeş bilen, akraba bilen samimiyeti bir de.

neden istemedin peki kapıyı çalıp? 
evde kimse yok ki. bu mevsimde herkes tarlada, işinde gücünde. ağaçların gölgeleri arasından yürürken suyun sesi, kavakların serin uğultusu başın iki yanında seyrine doyulmaz bir huzuru sergilerken bir galerinin ölmüş duvarlarının haddine olmayan bir içtenlikle; gözün ilişiverdi işte. 

öyle pazarda satılanlar gibi değil. yalnız birkaç küçük köyde bulabileceğin; tarlaların ortasında yalnız başına bir ömrü adımlayan ve yalnızlığından eşi benzeri bulunmaz lezzetler demleyen birkaç ağaçtan biri işte bu da. 
evin beyi sever böyle şeyleri. bahçesine sokuşturduğu bir iki erik dalı, bir iki elma fidanı, vişneler ve bu tutmaz ama ya tutarsa diye getirilip dikilen armudun dalı.

tutmuş işte.
emekle hangi yapışmaz ve yakışmaz parçaları tutmuyor ki hayatın?
toprak cömertliğince ve sabrınca kucakladığında bıçak gibi göğsüne saplanan acıları; hangi direnç eğilmiyor ki önünde?..

atlarken dikkatliydin de epeyce. ama nasıl bir lezzetse işte; çıkarken saldın aklının temkinini.
kaçamak ve coşkulu bir arzuyla, usulca sokuldun ağacın altına. ellerin dalların arasında ustalaşmış bir özenle ilerledi. güneşin uzanıp yüzüne kadar, gölgesini gözünde büyüttüğü ve yakındaki bir armudu kopardın usulca.

elinle ovaladın önce; ne de olsa unuttun köyde olmayı. şehirde köylü olamasan da köyde şehirli olmaktan alamadın kendini bir an.
önce baktın. güzelliğine, içinde sakladığı ıslak ve baştan çıkaran tadı duyumsar gibi oldun daha ısırmadan. 
sonra dünyanın ondan öncesi ve sonrası yok oldu. o an o armuda dokunan dudakların ve dişlerin, neredeyse sevişmekle kıyaslanacak kadar güzel bir hazzı dokudu damağına…
*",paranoyaklar takip edilmiyor mu sanki,2013-03-27,32920434
"yok öyle kararlı şeyler'e ait olan parçanın sözlerini yazmak icap eder. *

ah yine gördüm seni şehirde
defansta salça ekmek takılıyorsun
bakma gelemem ben sana yetişemem
çünkü ben pek koşamam

ah öyle nasıl hafif salınıyorsun
düzen sokak bina sana sahne
birde utanmadan kaçıyorsun
gelemem az işim var

ah armut velet çıkma oradan
o binaların ardından
özendim hep senin gibi kaçmaya
ah

ah armut velet çıkma oradan
o duran arabanın ardından
özendim hep senin gibi kaçmaya
ah

ah öyle nasıl hafif salınıyorsun
düzen sokak bina sana sahne
birde utanmadan çağırıyorsun
gelemem
gelemem ben hemen
değişemem o (acıyor sol memem)

ah armut velet çıkma oradan
o binaların ardından
özendim hep senin gibi kaçmaya
ah

ah armut velet çıkma oradan
o duran arabanın ardından
özendim hep senin gibi kaçmaya
ah",kontrol kalemi,2013-05-28,34131574
"bekar evi dolabını açtım ve çürük sebzelerin arasında, ama temiz kalmış bir poşet içinde gördüm onu. hemen yanında, yılmaz morgül`ün ""insanlar çok kötüüü"" diye ağlayışını hatırlatan, suyunu salmış bir hıyar vardı. tabi ki seçilebilecek tek şeyi seçtim. teni babaannem kadar buruşuktu. ne zaman aldığımı hatırlamıyordum ve bu yüzden tedirgindim. bir çatalla ölü mü diye uzaktan dürttüm. yıkadığımdaysa üstünde kalan su damlaları şehvetimi ayağa kaldırdı. bir ısırık aldım ve dedim ki ""öldürmeyen allah öldürmüyor"". diriliği bir sonraki ısırığı davet etti, sonra bir sonrakini, sonra bir sonrakini... yarısını hemen hemen yemişken, dilimde teninin buruşukluğunu hissedince babaannemle sevişiyormuş gibi hissetmek... yüreğim pare pare, ciğerlerim göz göz... irkilerek düşürdüm elimden. babaannemi ben çocukken kaybetmiştik. neden yanağımı sevdiği kadar ıslak öperken aklıma gelmiyor da, böyle geliyor anlamıyorum ki. dolaptaki yılmaz morgül`ü de çöpe atsam mı ki artık? 
gibi bir hikayenin buruşuk kahramanıdır bugün, benim için.",bana ibbet de,2013-06-14,34571305
referansı olmayan ustayla aramda oluşan güvenlik problemine yönelik bir önlem almaları durumunda daha da seveceğim faydalı girişim.,octave charcot,2013-08-23,36326896
"armudun sapı, üzümün çöpü diyenlerin meyvesi. hakkında bir dolu deyim ve atasözü vardır. lakin kendisi son sözü benim midemde söyler.
güzel meyve.",dygo,2013-12-28,39277549
"verdiği en düşük fiyatın 6 da 1 ine yaptırılan su tesisatı yenilemesi ihtiyacımla direk çakmış sitedir.200 liralık işi, adam 1250 malzeme hariç diye fiyat verebilme yüzsüzlüğünü kendinde buluyor ki bu en düşük teklif.bir işe yaramayan site.",heisenbergb,2014-01-08,39537251
"yiyecek namına ayırım yapmadan, her şeyi hüpleten bünyemin yemeği reddettiği meyve. düşünmek bile yetiyor irkilmeme, tiksiniyor değilim; ama sevmiyorum arkadaş!

bir de rahmetli babannem, dedemle aynı ismi taşıyan erkek kardeşime seslenirken, dedemin ismini söylememek için (hani eskiler isimle hitap etmezlermiş ya) ""armut"" derdi. bu da böyle ilginç bir anekdot olmuş olsun bakalım.",mjorate,2014-01-17,39735043
.com olanı iş hayatı açısından güzel bir sitedir.,vahey vahey,2014-01-17,39735386
"hakkı verilmeyen meyvelerin en başında gelmektedir. hani siz türkler nasıl diyorrr? mmmm... şeyyy ee, underrated. evet, underrated.",dungangadunganga,2014-01-30,40066087
hatalı entry örneklerinde başrolü elmanın oynamasını kıskandığını düşündüğüm meyve,tholstone,2014-04-26,42280317
"uğruna şarkı yazılmış olan meyvedir.*
(bkz: sulu sulu bana bana bakıyor ah ah)
(bkz: salim-jale)",toblerone denizindeki jelibon,2014-08-06,44766867
"açık ara tadı en iğrenç meyvelerden biridir... işin kötü yanı tadında bir sorun da yoktur ama tadı böyle çok bir şeydir, bir şey işte. tadında bir şeylik var. kelimelerle tarif edemiyorum ama iğrenç bir şey işte.

mesela şöyle yapın bir adet şeftali doğrayın yanına da bir adet armut sonra yemeye başlayın şeftaliden sonra ağzınıza gelen armutla birlikte o şeyi hissedeceksiniz.",gominist redar,2014-08-27,45271177
son derece şekerli olan meyve. ciğerli olanı ve olmayanı vardır. ayrıca ; (bkz: armut biçimli kadın),dar,2014-08-29,45322595
armuta benzeyen ülke (bkz: sri lanka),zeusun sol tassagi,2014-09-10,45588279
"turkce ağız farklılıklarını bir kenara bırakırsak; fahri bey, williams, santa maria ( sari sulu tadı kotu ama populer olan), ankara armudu (doktor armudu da denir) karyağdı, margeritta , yaz armudu (akça armut- küçük ve cok tatlı) deveci armudu, haziran güzeli gibi çeşitleri vardır. 
favorim margerittadır.

edit: armut alacaklara birkaç tavsiye:
mevsiminde neyin yenileceğini bilin akca armut mayıs haziran gibi olur. eylülde akça armut aramayın. 

bazı armutlar mesela santa maria tıpkı muz gibi yeşil toplanır daha sonra sarartılır. bu normal bir süreçtir. 

karyağdı gibi kış armutlarını dolabinizda yaza kadar saklayabilirsiniz. 
afiyet olsun efendim.",topunaglarlabulustuguan,2014-09-26,45959728
"armut top3;

1) (bkz: ankara armudu)

2) (bkz: deveci armudu)

3) (bkz: malatya armudu)",fahrihonolululul,2014-11-22,47172893
"muhtemelen diğer meyvelerde de durum aynıdır, ama armut için insan ayrı bir üzülüyor. bugün çocukluğu artvin'de geçmiş birisi size soluksuz 30 çeşidini sayabilir. diğer yöreleri de eklersek ülkemizde ne kadar çok çeşit armut olduğunu az çok tahmin edersiniz. ve fakat gidiniz marketlere, pazarlara, en fazla üç çeşit: meşhur deveci, arada bir görünüp kaybolan ankara armudu, ve tadı pek keyif vermeyen santa maria. başka bir çeşidi bulmak imkansız. 

oysa armutların kralı, adı da kral armudu olan, zaman zaman da kaiser armudu diye geçen şu arkadaştır. artvin'de sanırım gürcüce olarak partağa diye bilinir, yeşilken toplanıp evde kuru serin bir yerde sulanmaya bırakılır. ve ben bu armudu ta romanya'larda marketlerde bulabiliyorken memlekette bulamayıp her sene köydeki akrabalarıma yalvarıyorum.",geven,2015-02-03,48897512
"iyiden iyiye mevsimi gelen, tadını almaya başlayan meyve. meyvelerin hemen hepsine mesafeli olan, pek de öyle yemeyen, hatta bazılarını küçük yaşlardan tecrit eden şahsım, tropik meyveler de dahil, hiç birini armut kadar sevmemektedir.

deliriyorum kendisine. kalorisiymiş, şusuymuş busuymuş demeden gömüyorum. tıpkı 5 dakika önce yaptığım gibi. seviyoruz seni armut reyiz. armutu yaratan allah'a da sonsuz hamd.",anlamadiysanizsorabilirsiniz,2015-04-22,50748183
bir elma çeşidi.,estuera,2015-04-30,50934429
19-20 yaşlarında bir oğlan çocuğudur. iyidir. kendi halindedir. beklentisi de azdır. öyle yaşayıp gidecektir ama mutlu olacaktır. yanlışlıkla ünlü falan bile olabilir ama bu onu hiç bozmayacaktır. armuta güvenebilirsiniz.,vedya,2015-05-14,51324413
(bkz: pektin),uykufelci,2015-06-21,52499224
"yeşili kütür kütür, sarısı hışır hışır yenilebilen, tatlı bir meyvedir.",rolantisever,2015-07-22,53395232
aşırı derecede karın acıktıran yiyecektir. aman dedim gece bir şeyler yemiyeyim şunla karnımı geçiştireyim yok canım mümkün mü!,caysimitbirdekitap,2015-08-19,54130933
"armut bence çok güzel bir iltifat olabilir. neden? diye sordunuz hemen. çok basit çünkü armut çok tatlıdır. hem sert, hem tatlı. hem de adamakıllı. dur ya sanki ben armutla ilgili daha önce bir şey yazmıştım. armut bir delikanlıdır, dediğimi hatırlar gibiyim ama yazmamışım hayret. bir de armut güvenilir bence. sırtınızı yaslayabilirsiniz armuda. bir çizgisi var armudun; farkındasınız değil mi?

edit: yazmışım ama kendimi badilerimden çıkarttığım için görememişim. neden söylemiyorsunuz?",vedya,2015-08-22,54205028
bir çeşit meyve,hayaletadam,2015-09-18,54890852
"http://armut.com/ usta bulmanız için yapılan çok yaratıcı bir site. bizim evin çatısı yapılacaktı, bi usta bulduk ama oyaladı da oyaladı adam. 5 ay oldu. sinirlenip google'a sorayım dedim ve karşıma burası çıktı. 

kısaca yapılacak işi, resimleriyle beraber internete koyuyorsunuz ve ustalar bunu görüp sizi arıyorlar. iş için zaman belirleyebilmeniz de güzel. ben sevdim.",blueven,2015-10-11,55441949
"kumlusu kumsuzu da olur,ankaralı olanı çok tatlıdır",ahlatbademi,2015-10-21,55678054
kemal sunal'ın başrolünde oynadığı hanzo filminde meme anlamında kullanılan meyve.,khan castro,2015-11-02,55957827
buzdolabından çıkmış bol sulu olanı tercih edilmelidir.,electrum,2015-11-06,56053254
"armut.com boyaci, temizlikci, tasimaci vb. hizmetleri talep edenlerle bu hizmetleri arz edenleri bir araya getiren girisimci bir sitedir. ayrica sosyokultuler olaraktan sadece turkye insanina hitap eden bu siteye girip de ""hakkimizda"" kismina tikladigimda sirket calisanlarinin unvanlarinin ingilizce oldugunu gordugum vakit sasirdigim ve akabinde de bunun egosantrik tatmin maksatli oldugunu dusundugum sitedir.",baharix,2016-03-19,59336768
"bir iş için müşteriye teklif verirken sizden 3-4 lira talep eden soyguncu sitedir.

hayır arkadaşım, işi alırsam sen de benim kazanacağın paradan komisyonunu al, bir şey demiyorum. ama teklif verirken sana para kaptırınca ve işi de alamayınca enayi gibi cebimden para vermiş oluyorum.",el bombai,2016-03-19,59337225
armut.com aldigim teklif ve dadanan dedektif,mermaid1975,2016-11-05,63911177
"neden elma kadar popüler olmadığını anlamadığım asil meyve. demin bir tane yedim, ağzıma dolan o coşkulu, leziz suyu tarif edemem. şimdi elimdeki çöpüne bakıyor ve minnettarlığımı sunuyorum kendisine. ileride bir şirketim olursa logosunu armut yapacağım, söz",no country for old men,2017-07-25,69738002
kıvrımlı bir meyve.,bnibnibhtrnii,2017-08-10,70100378
underrated'ın meyve hali.,thereisnothingtoshow,2018-03-13,75001934
"şu uygulamayla, ekşinin mobil uygulamasını durmadan karıştırıyorum. rengi bile aynı. bir çözüm bulmak lazım değil mi sizce de?",nonexclusive,2018-04-16,76074910
dibine düşer,tad valen,2018-06-26,78525349
kıymetini yaşlandıkça anladığım meyve.underrated olduğu da çok doğru.,yuvarlakgozluklunine,2018-09-15,81308745
"ilkokuldaki lakabım.

ilkokulda iki iyi dostum vardı. zeko(zekeriya) ve arif (arif) sınıftaki kızlarla pek iyi değildi aram. bu ikili beni yanına kabul etti. iyiki de etmişler. güzel anılar bıraktılar bana. 
grubun yegane saftiriği bendim. bunlar beni ya kandırır,ya kızdırır ya da dersin ortasında zırt pırt güldürürdü. lakapta o saflıktan kalma işte. 
ne yazık ki aniden büyüdük ve unuttuk birbirimizi. arif salağı geçende evlenmiş. beni nikahına bile çağırmadı. meğer sevgilisini kaçırmış, apar topar yıldırım nikahı kıymış. 
o kadar sene bana armut dedi de kendi ne acaba haspam.*",skyword,2018-10-25,82661384
freelancer soyguncusu bir sitedir . bütçesi 50-60 tl olan işler için teklif verme fiyatları 7-8 tl den başlıyor . iş kazanırsam komisyon al tamam da teklif vermek için cebimden enayi gibi para vermek çok da akıllı işi değil .,orangeinblue,2019-01-14,85501784
değil iyisini kötüsünü bile yiyemez ne ayı ne de dayı pazarda kilosu 7.5 çünkü,seryer,2019-01-23,85851057
"kavunla aynı kaderi paylaşıyor. kavun nasıl ki karpuz gölgesinde kalıyorsa armut da elmanın gölgesinde kalıyor.

iyi güzel meyvedir. sulusu makbuldür. undderrated olduğu söylenmiş ama neden undderrated kaldığı belirtilmemiş. hakkının yenmesinin gerekli ilgili alakayı görememesinin sebebi biraz da kendisinden kaynaklanıyor zira dümdüz bir meyve.

nasıl yani? şöyle yani, armut sadece meyve olarak yeniyor. ne bileyim ne bi reçeli ne bi kurabiyesi ne bi çikolatası ne başka bi şeyi hiçbiri yok. hemen her meyvenin ya kurabiyesi ya reçeli ya da suyu falan oluyor ama armut sadece armut. bi ara uludağ armutlu bi içecek çıkarmıştı çıkaranlar bile içmemiştir öyle kötüydü.

elma misal... elmalı turta ve kurabiye yapılıyor. ucuzlukçu diye tabir edilen manav var pazarda kurabiye yapmak için dandik elma alıyoruz mesela. ya da sıkmak için eciş bücüş portakal alıyoruz. armudun böyle bi lüksü yok. ya yemek için alacaksın ya da almayıp yemeyeceksin. 

artık reçeli mi yapılır kurabiyesi mi yoksa armutlu çikolata denen bi şey mi denenir armutlu tatlı yapılır da instagramda #ayıdeğilizamaarmuduniyisiniyiyoruz tagıyla meşhur mu edilir bilmiyorum. bi şekilde armudun herhangi bi şeyle kombo edilmesi gerekiyo. yıl 2019 sadece meyve olarak varlığını sürdüremezsin sevgili armut.",seryer,2019-02-11,86571308
çok fazla tüketildiğinde karın ağrısına ve akabinde ishale sebep olabilen meyve.,remember the name,2019-05-23,90422443
farklı renklerde bulunabilen bir meyve. en yaygın bulunan renkleri yeşil ve sarıdır.,hostghostlost,2019-06-18,91424209
iyisini ayıların yediği rivayet edilen meyvedir. sulu suludur.,maymunun gotundeki solucan,2019-06-24,91646380
sulu olanı makbul olan meyve,philo,2019-07-15,92636588
en sevdiğim meyvelerde ilk üçte net,kinged,2019-12-02,98580758
ağaçta yetişen olgunlaştığında çok güzel tadı olan sulu meyve,gelmis gecmis en iyi nick,2019-12-10,98900013
"1939 yılında almanlar çekoslavakya'yı işgal ettiği dönemde milan kundera 9-10 yaşlarındadır. caddelerde dolaşan alman tanklarını görünce korkuyla kendini eve atar ve o sırada bahçede gördüğü ninesine işgalin başladığını haber verir. ninesi istifini bozmadan o sene armut ağaçlarının verimsiz olduğuyla ilgili söylenmeye devam eder. çocuk ninesinin bu tavrına anlam veremeyip üstelemeye başlar. bunun üzerine ninesi milan kunreranın ömür boyunca unutamayacağı o cevabı verir: armutlar daha önemli
yıllar geçer almanlar savaşı kaybedip çekilirler çekoslavakyadan. sonra ruslar gelir ve giderler. bu süre zarfında değişmeyen tek şey bahçelerindeki armutlardır. bunu gören milan kundera ninesinin ne kadar haklı olduğunu anlar. 

tanım yapacak olursak, elmaya göre çok daha lezizdir. ikisini birbirine karıştırmamak gerektiğini belirten sözü ciddiye almak lazım.",grigoryev,2019-12-14,99108239
"anadolu'da bazı yabani ağaçlarla, meyve vermeyen ağaçlara ""çakal x"" adlandırması veya nitelemesi yapılır. çakal armut, çakal zeytin, çakal eriği gibi. bunun yanında aynı meyvesizlik durumu için bazen ""erkek x"" tanımlaması yapılır; erkek dutta olduğu gibi.

bazı ağaçların meyvesi çırpmayla hasat edilir. ilk aklıma gelenler zeytin, iğde. ceviz, fındık çırpılır. elma, armut çırpılmaz, toplanır; kıhlaz armut çırpılır, sırıkla. dut çırpılmaz, altına bez serilerek ırlanır*.

armut alanı
armut alanı
ananı eşşek sikmiş*
bulmuşun beleni* 
(çukur çeylen manisi)

(ilk giri tarihi: 31.5.2015)

(bkz: fırıç)
(bkz: fırgıl)
(bkz: kak)
(bkz: gurukaz)
(bkz: ahlat/@ibisile)
(bkz: çöğür/@ibisile)
(bkz: eren armut düşecek)
(bkz: armut dibine düşermiş)
(bkz: armudun sapı/@ibisile), armudun sapı üzümün çöpü",ibisile,2019-12-23,99507225
sarı büyük ve sulu olanları çok lezzetlidir.,dominar rygel xvi,2020-02-03,101521824
kalitesini bulabilirseniz pek güzel bir meyvedir.,elma armut kivi,2020-09-15,113023765
bazen her şeyi bırakıp öylece armut yersin. beton yığınlarının arasından görünen yeşillikleri izlerken üzerine halinden memnun olmayan ama memnunmuş gibi bir yüz şekli geçirirsin. armutun suyu ağzın içinde çeşitli duraklara uğradıkça tat alma duyusu sayesinde hayattan lezzet almayı başarabildiğin o nadir anlarda aslında o kadar kötü bir hayat sürmediğine dair kendini ikna etmeye çalışırsın. kirazın ya da armudun tadını aldığında içinin yaşama sevinciyle dolması gerektiğini öğrenmişsin çünkü filmlerden. olum her şey berbat olsa da çak bir armut. işte hayatın anlamı. sen sadece bedenden ibaretsin çünkü. bu koskoca alemle kurduğun bağ da sadece yerin üzerinde dolaşmak havada uçmak suyun içine girmek falan. ruhun ölümü nietzche tarafından çoktan ilan edilmiş. elalem uzaya falan gitmiş. sen almak için ömrünü verdiğin beton yığının içinde armut yiyerek hayatın anlamını arıyorsun. neyse armut olmadı belki eylül rüzgarı olur. sıkma canını.,geceleyin uyuyan adam,2020-09-19,113209768
"farsça ""amrud"" kelimesinden metatez olmuş göçüşmüş meyvedir. 
ama, lakin ki tam da öyle değildir. 
çünkü iranlılar armuta gulabi derler.
hatta iranlılardaki dar ünlüleri genişletme eğilimi sebebiyle ""golabi"" şeklinde a sesini uzatmadan söylerler.
meyve gülgiller familyasından olduğu için ismi zaten gül'den gelir.
evet.",sincelest,2020-09-26,113527254
lec takımlarından mad lions’a transfer olmuş başarılı league of legends oyuncusu.,silindir,2020-11-28,116149971
40 yıllık ömrümde kendisi hakkında olumlu veya olumsuz netleşemediğim tek meyvedir. iyi mi kötü mü? nasıl bir meyve bu.,guney daglarinin hatirasinda kalan,2020-11-29,116231094
suyu da gazozu da enfes içecektir.,buzsubuhar,2020-12-25,117313578
kendi pişeni makbul değildir.,brighton rock,2021-02-24,119965579
iyisini ayı seçermiş. eyvallah.,udelizboss,2021-02-24,119966437
"an itibariyle lec spring split şampiyonu olmuş, en başarılı türk leauge of legends oyuncusu. büyük ihtimalle final serisinin mvp'si seçilecek. 2 oyunda inanılmaz wukong performansıyla takımını sırtında taşıdı.",popilos,2021-04-11,121847060
final 5. maçında sırf lane'de ezmeleri için 4-5 kere gang atıldı fakat yine de düşmedi ve takımını humanoid ile taşıyan iki kişiden biri oldu. seri 1-2 ye geldiğinde özgüven ile 3-2 alıcaz dedi ve aldılar. main carry'de kendisi oldu. helal olsun.,lambs breath,2021-04-11,121847262
(bkz: aferin irfan),yiyorsa bunu da ucur,2021-04-11,121847447
helal olsun oglum irfan,asjv,2021-04-11,121849330
"lec şampiyonu olmuştur. na'de broken blade lec'de armut 2 major ligde 2 türk top lane şampiyonumuz var artık. serinin 2-0 dan 3-2 ye dönmesi, armutun iki oyunda da wukongla taşıması, son tfde viktor ve gnarın mükemmel oyunları derken tam anlamıyla imkansızlar yaşandı bütün seride. şimdi sırada msi'da akademi oyuncusu starscreen'i tokatlamak var aferin irfan *",lawnate,2021-04-12,121849760
"an itibariyle lec finalinde rogue karşısında 2-0’dan 3-2 kazanmasını bilmiş mad lions takımı top lane oyuncusu. kendisiyle gurur duydum, özellikle wukong oynadığı maçlarda çok etkindi. son maç sağlam camplense de maçı bitiren hamle kendisinden geldi. mvp olmayı fazlasıyla hak ettin irfan, afferin be irfan! kenetlenmişsin kalbime!! ilmek ilmek!! işlenmiş gibisin! hasretinle, yüreğime.. nereye böyle, bileyim söyle. 

yolun açık olsun.",bos dusunce balonu,2021-04-12,121851695
msi yarı finalinde damwon kia'ya karşı muazzam mücadele ediyor. 3. maçta wukong ile gene maçı taşıdı ve 2-1 öne geçtiler. bırakın yenmeyi damwon'dan 2 maç almak bile çok çok iyi ve irfan kardeşimiz tam bu işin merkezinde. inanılır gibi değil.,lambs breath,2021-05-22,123615130
"dün gece bir anda uyandım ve koşa koşa tuvalete gittim. midemdeki her şeyi -işlediğim bütün günahları- kustum klozete. yatağa tekrar döndüğümde kedinin (nazım) boylu boyunca yatağa uzandığını gördüm, kenara usulca iliştim ve sızdım.

ne kadar uyudum bilmiyorum ama uyandığımda üzerimde yatıyordu ""köpek.""

aynaya baktım, piraye'nin aksine korkunç görünüyordum. saat sabah 10 filandı. korkunç görünmemi saatin erken olmasına yordum ve uyumaya devam ettim.

iki buçukta gözümü tekrar açtım, hayvanlar gitmişti ama benim yataktan kalkacak halim yoktu.

mecburen kalktım (yaşamak gerek) duş almam gerektiğini hissediyordum, almadım. birkaç fincan kahve, birkaç sigara içtim ve artık dayanamadığım için kendimi dışarı attım.

ormanda yürüdüm uzun süre, yürüdükçe üzerimde hissettiğim ağırlık kalktı, hayatın aslında güzel olduğunu, yaşam tarzım vs. yüzünden onu kaçırdığımı hissettim ve dedim ki: ""bugün içmeyeceğim. taze ekmek alıp eve döneceğim ve yatağıma çekilip güzel bir film izledikten sonra mışıl mışıl uyuyacağım.

sonra tuhaf bir şey oldu: ormanın ortasında yürürken yan komşumla karşılaştım. 

bana eşlik ederken konuşmaya, anlatmaya, hikaye etmeye başladı. öyle zordu ki! nasıl eşlik edeceğimi bilemedim.

nasıl anlatsam... kurtulmak istediğim her şey üzerime yığıldı bir anda, nefes almakta zorlanmaya başladım. sıradan, günlük hikayelerdi oysa anlattıkları, bilemiyorum, belki de sıradan, günlük hikayeler için bile hazır değildim.

merkeze indiğimizde marketten ekmekle birlikte iki bira almak zorunda hissettim bu yüzden.

sahilde birlikte yürürken sigara molası istedim ve ilk biramı açtım. birkaç yudumdan sonra biraz rahatladım ve ben de bir şeyler anlatmaya başladım: basit şeylerden söz ettim ona, ne kadar güzel bir yerde yaşadığımızdan, ormanın ve denizin güzelliğinden, geçmişte bıraktığım insanların şimdi burada olsalar kendilerini cennette hissedeceklerinden ve babamın yedi yüz km uzakta bir mezarlıkta çürümeye başladığından söz ettim.

sonra ikinci birayı açıp devam ettim: hayatımın kontrolünü hızla yitirdiğimden, ne kadar mutsuz olduğumdan, içine düştüğüm bu cendereden bir türlü kurtulamadığımdan söz ettim.

o da bana memlekette imamlık yapan kardeşinden ve denizlerde ömrünü çürütmesine rağmen dünyalığını yapan diğer kardeşinden söz etti. (söylediklerim bir kulağından girip diğerinden çıkıyordu.)

eve gelince kararsızlıkla odalarda dolaştım bir süre, sonra marketi arayıp viski sipariş ettim. (bir günde aziz olamazsın biliyorsun, ama çıkış yolu da yok.)

komşum uyuyor şu anda ama ben buradayım işte. nereye gideyim ben, bütün yolları tükettiğimi hissediyorum. (""duydukların doğru"" demeye devam ediyor içimdeki orospu çocuğu, ""bir çıkış yolu yok."")

iyi biri olmak istiyorum ama galiba istemekle olmuyor.

dibine düşmeyi reddeden bir armut olmaktan başka bir şey yapmadım. bir bataklığın içindeyim, bile isteye düştüm buraya. yine de... şimdi ölmek istemem.

başımıza ne iş açtıklarının farkında olmayan komşularımıza ve biz yaşarken çürüyen babalarımıza içelim!",bir nick bulamadim ki,2021-05-23,123642695
"""armutların en fenası, en kavruk, en lekeli ve en hamı bile asildir."" 

(bkz: refik halit karay)
(bkz: meyvelere dair)
(bkz: ago paşa'nın hatıratı)

kaynak: refik halid karay'dan lezzetli metinler",naculos reloaded,2021-06-30,125201545
dünyanın en iyi 3 top laner'ından biri sayılacak kadar geliştirdi kendisini. inanılmaz bir şey bu gerçekten.,fada,2021-08-14,126921662
"the godfather part ii filmi içerisinde çok tatlı bir sahne oluşmasını sağlamış bir meyve.

mevzubahis sahne:
“what a nice pear”",kanka su maca oyna,2021-08-20,127148568
"ciğerli armut denilen türünü yediğimde donut yedikten sonra aldığım tadın aynısını alıyorum. bir armut nasıl donut tadı verebilir bilmiyorum ama gerçekten eminim. yiyorum yiyorum evet! aynı tat! 

bu ciğerci armutu denen armutun başka bir adı var mı onu da bilmiyorum. aradım bulamadım. içi kahverengi olan armut var ya heh o işte.",arlert,2021-08-22,127220629
"kaç çeşidini bilirsiniz... 

ben 206 tanesini bilirim. 

alfabetik olarak görelim. (her birinin yanına ""armudu"" kelimesini sürekli tekrar etmekten imtina ettim)

.

abbas
acem
ak armut
akça şeker
ak malatya ankara
ankara kış
arap
armut
arnavut
aztoğay gülsulu
bâdencân
bakırbal
bardacık
bergamot
belgrad
bey
bıldırcın
bosna
boynueğri
bozdoğan
cennet
çavuş
çermes
çiçek
çüçük
dalkıran
dalkıran alaköy
ekşi gülü
emrut
enar
fransız
gelin
gelincik
gökçe ..........
göksulu
gözbağı
gül
gül limon
gül fındık efendi
gülsan kayısı
gümüşhane
hamit şeker
haticekadın
hümayun
hüs-i yusuf
ingiliz
isveç
işkodra
ines/eynes?
kadı
kadınbudu
kalkandelen
karaman 
karpuz
keşiş
keten-gömlek
kırmızı
kraliçe
kış
kış beyi
...
...

hepsini yazacağımı sanıyorsanız aldanıyorsunuz. 60'ı yeter. 

gerisini merak edenler, topkapı sarayı müzesi kütüphanesi'ndeki, bir bağda yetiştirilen meyve çeşitlerini gösteren ve kıymetli hocamız günay kut'un ""festschrift in honor of eleazar birnbaum"" armağanı içindeki makaleye bakıversinler...

orada 206 çeşit armut, 98 cins elma, 25 cins ayva, 43 cins şeftali, 13 cins vişne, 31 cins kiraz, 21 cins kayısı, 9 cins nar, 11 cins incir, 11 cins dut, 15 cins muşmula, 59 cins üzüm, 39 cins portakal çeşidi yazıyor.",ahmetfirat,2021-08-27,127387866
"deveci armut en sevdiğimdir. sert,büyük ve sulu... oyyyyşşş. *",130kgibilaptopsahibi,2021-08-27,127406308
"kiraz, üzüm, şeftaliyle birlikte en lezzetli meyvelerden biri... tatlı niyetine yenebilir.",karamuk,2021-08-28,127416710
"poşesi yapılıyor bir de bu meyvenin. armutların kabukları soyulduktan sonra ister kırmızı şarapla, ister vişne suyuyla karanfil, tarçın, yıldız anason gibi baharatlarla kaynatılıyor ve özellikle kışın kaymakla çok güzel oluyor.",merhume,2021-08-28,127422321
"lcs'de (bkz: closer) lec'de armut, resmen çifte bayram",ichi ni san kaesu,2021-08-30,127489871
"güzelmiş be...
başka armut varsa verin...
(bkz: yedi bela hüsnü)",arslanbey54,2021-08-30,127499388
bu uygulamayı kullanıp memnun kalmayan var mı acaba?,helixnebula,2021-09-04,127674771
"en sevdiğim meyveler arasında desem yeridir. böyle sert bir yapısı var ve gerçekten tatlı. böyle insanı tatmin eden bir tatlılığı var, bütün tatlı abur cubur isteği kayboluyor. o sert yapısı da mideye girer girmez ağırlık oluşturduğu için tokluk hissi veriyor. bence kilo vermek isteyenler ya da sağlıklı beslenmek isteyenlerin muhakkak diyetine dahil etmesi gereken bir meyvedir kendisi.",berkayjan,2021-10-19,129208685
"bu uygulamadan totalde üç defa ev temizliğine yardımcı olması için birilerini atadılar.üçünde de,temizlikçiler tarafından arandım ve armut üzerinden yaptığım rezervasyonu iptal etmemi parayı kendilerine nakit vermemi istediklerini söylediler temizlikçiler.ilkinde olur demiştim sonra bin pişman olduğumdan kesinlikle red ettim.öyle bir ısrar ettiler ki tiksindim hem iptal ettim hem de engelledim telefonlarını manyakların.bu ülke insanının ne denli mal olduğunu bir kez daha hatırlattığın için teşekkürler armut.",dutopya,2021-12-06,130821269
anavatanı doğu türkistan olan meyve. bilinen 5000 çeşidi var.,frodillo1,2021-12-17,131255139
"küçüklükten birkaç atasözünde geçen meyve. “elmayı soy ye, armudu say ye”
diğerini zaten biliyorsunuz. 
burada akla gelen armut film artisti gibi şekilli sarı armut değil yalnız. sert, yamuk kafalı, yeşilimsi olan.",nefesikuvvetlihoca,2021-12-23,131449277
"eskiden migrostan alırdım armudu.guzel tatlı sulu bir armut.genelliklede aynı tür armut satılıyor.migros işçilerinin eylemleri sırasında migrostan alışverişi kestim.bir süre armut yemedim.

artık pazardan alıyorum armudu.migrosun armudunun iki katı büyüklükte.daha tatlı, daha sulu.tuncay özilhan in evine bile böyle bir armut girmemistir.",yasamkillanmakilavuzu,2022-04-06,135878749
"ara sıra işime yarayan ve yıllar önce ilk çıktığında gayet başarılı bulduğum bir start up idi.
aplikasyonu telefonumda da halen yüklü.
ama uygulama ikonundaki logonun ekşi sözlük logosuyla büyük bir benzerliği söz konusu.
hatta ben defalarca ekşi diye armut'u açtım.
kendilerine tavsiyem telefonlardaki uygulamalarının logosunu renk ve form olarak değiştirmeleri. 
neden armut değiştirsin, ekşi kendilerinden eski olduğunu için.
ben yanlışlıkla açıyorum diye de değil, bir kurumsal yaklaşım icabı bu işin profesyonelinden tavsiye olarak.",dada adam,2022-04-10,136024703
"dalda sallanan, sallandıkça ballanan meyve.",k 1 f,2022-04-10,136024739
herşey bulunuyorda gazeteci neden bulunmuyor anlayamadığım uygulama,tiniminitin,2022-06-12,138662783
"mesleğim dışında freelancer olarak grafik tasarım, video prodüksiyon, danışmanlık, ms office gibi konularda hizmet veren olarak kullandığım platform.",xemgin,2022-07-03,139544907
"aranılan hizmete teklif vermeniz için de sizden para isteyen aracı kurum uygulaması.gaye.net vardı bir zamanlar, boot hatunlardan gelen arkadaşlık isteklerine yanıt vermek içün abonelik parası vermeniz gerekiyordu diye yurdum insanını düdüklemeye çalışan zihniyetin bir versiyonu,
olmayan,kolpa hizmet arayışına teklif için para ver,hizmeti tüh başkası aldı.eee verdim para,para yok
ulen ne akıllısınız siz armutçular",silverkitten81,2022-08-31,142053208
"bunlar gerçekten bi acayip. temelde müşteri iletişim bilgisi satıyorlar ama müşterinin iletişim bilgilerinin güncelliğiyle ilgilenmiyorlar. mesela bugün birine teklif verdim, arayınca bu numara kullanılmamaktadır diyor. armuta mail atıp iade istedim, matbu metin atmışlar, işte müşteri size işi vermeyebilir şu olabilir bu olabilir falan filan. onlara söylediğimi buraya da yazayım, bu şekilde sürdürülebilirliği de yok insanda motivasyon da kalmıyor. müşteri memnuniyeti sıfır. üç kuruşu iade etseler ölmezler, yabancı bir servis olsa, şu anda avrupa veya amerikada olsak bunları yazıyor/konuşuyor da olmazdık. şimdi senaryoya bakın: 200 liralık iş için 20 lira verip karşı tarafın telefonunu alıyorsun, telefonu açan şahıs başkasını buldum sağolun diyebilir, telefonu hiç açmayabilir, bunlar anlaşılabilir ve sineye çekilebilir şeyler doğal olarak. fakat bu numara kullanılmamaktadır dediğinde bari elinizi taşın altına koyup işçinin amelenin teklif ücreti iadesini yapın be kardeşim biraz empati anasını satayım.. çok mu zor şu dediğim, 20-30 lirayı iade etmeyerek ettiğiniz kar, yaşattığınız hayal kırıklığına ve demotivasyona değiyor mu cidden merak ediyorum.",x68000,2022-10-07,143625919
"oğlumu anaokulunda yerli malı haftası sebebiyle armut yapmışlar. armutla ilgili şiir ezberletmişler. bana da keçeden armut kostümü dikmemi söylediler. tekstilci anayım, durur muyum ona orjinal bir armut kostümü diktim. öyle keçeden dandik bir şey değil, muhteşem bir kostüm. 

bakıp bakıp eserimle gurur duyuyorum. 

oğlum bu armut kostümü için yıllar sonra nefret edecek benden yine de çok tatlı :)",koyunolanakoyarlar,2022-12-12,146264580
"bunu içinizden söylediğinizde başında elma, sonunda da kel mahmut diyorsunuz. ya da demiyorsunuz ne bileyim ben sizi?",sinacap,2023-01-24,148092987
"enteresan bir site. 

bu sitede hizmet verebilen var mı merak ediyorum. bir ilana cevap veriyorsun, paran gidiyor, sonra o kişi ilanını geri çekiyor. ""sadece fiyat bakıyorum"" adı altındaki ilanlara başvuru yaparken de para ödemek zorundasınız vs. saçma sapan bir işleyiş. oysa fikir harika ama tamamen adam yolmaya yönelik. 

benzer daha kullanışlı bir uygulama bilen varsa yeşillendirebilir.",otomatikportakalsuyu,2023-05-21,152635864
santa maria olan cinsi hiç güzel değil. bir türü var çok güzel ama adını bilmiyorum.,mavileke,2023-06-02,153108886
